{
    "id": 2572,
    "api_model": "events",
    "api_link": "https://api.artic.edu/api/v1/events/2572",
    "title": "King Day Festival: Lift Every Voice",
    "title_display": null,
    "image_url": null,
    "hero_caption": null,
    "short_description": "Family festival for all ages",
    "header_description": null,
    "list_description": "Family festival for all ages",
    "description": "<p>Discover the power of your voice and tell the story of your vision for the world. Hear a reading of a new children's book <em>A Gift From Greensboro</em> by author Quraysh Ali Lansana and experience performances by young poets from Reborn Poetry Ensemble. Participate in collaborative art-making with artist Indira Freitas Johnson, enjoy art chats with teen interns about art on view, and much more. Admission to the museum is free for all Illinois residents during this event as part of Free Winter Weekdays. </p><p>>Check out the day's schedule <a href=\"/sites/default/files/King_Day_2017.pdf\">here</a>. Please use the Modern Wing entrance at 159 East Monroe Street for access to the Ryan Learning Center, where admission is always free!</p><p>For more information about <a href=\"/visit/visiting-your-family\">family programs</a>, please call (312) 857-7161 or e-mail familyprograms@artic.edu. For upcoming events, please visit the <a href=\"/calendar?keyword&amp;aid=8\">family programs calendar</a>.</p><p>Family Festivals are generously sponsored by Richard and Ann Carr. </p>",
    "location": null,
    "event_type_id": 0,
    "alt_event_type_ids": [],
    "audience_id": 1,
    "alt_audience_ids": [],
    "program_ids": [],
    "program_titles": [],
    "is_ticketed": false,
    "ticketed_event_id": null,
    "rsvp_link": null,
    "buy_button_text": "Buy Tickets",
    "buy_button_caption": null,
    "is_registration_required": false,
    "is_member_exclusive": false,
    "is_sold_out": false,
    "is_free": false,
    "is_private": false,
    "is_admission_required": false,
    "is_after_hours": false,
    "is_sales_button_hidden": false,
    "is_virtual_event": false,
    "virtual_event_url": null,
    "virtual_event_passcode": null,
    "start_date": "2017-01-16T00:00:00-06:00",
    "end_date": "2017-01-16T00:00:00-06:00",
    "start_time": "10:30",
    "end_time": "15:00",
    "date_display": null,
    "door_time": null,
    "layout_type": 0,
    "slug": "king-day-festival-lift-every-voice",
    "entrance": null,
    "join_url": null,
    "survey_url": null,
    "event_host_id": null,
    "event_host_title": null,
    "search_tags": null,
    "source_updated_at": "2018-09-27T11:42:05-05:00",
    "updated_at": "2025-06-04T10:21:52-05:00",
    "timestamp": "2025-08-05T15:53:50-05:00"
}