{
    "id": 2573,
    "api_model": "events",
    "api_link": "https://api.artic.edu/api/v1/events/2573",
    "title": "Family Festival: Colors and Shapes",
    "title_display": null,
    "image_url": null,
    "hero_caption": null,
    "short_description": "Family festival for all ages",
    "header_description": null,
    "list_description": "Family festival for all ages",
    "description": "<p>Brazilian artist H\u00e9lio Oiticica created geometric paintings and interactive installations that invite art viewers to participate with his work. Enter into his creative and colorful world with the exhibition <a href=\"/exhibition/h-lio-oiticica-organize-delirium\"><em>H\u00e9lio Oiticica: To Organize Delirium</em></a>. You\u2019re invited to experience the museum in new and surprising ways through collaborative installations, exploratory art-making, and interactive programs that will involve everyone in your family.</p><p>>Check out the day's <a href=\"/sites/default/files/ColorsAndShapesProgram.pdf\">schedule</a>. Please use the Modern Wing entrance at 159 East Monroe Street for access to the Ryan Learning Center, where admission is always free!</p><p>For more information about <a href=\"/visit/visiting-your-family\">family programs</a>, please call (312) 857-7161 or e-mail familyprograms@artic.edu. For upcoming events, please visit the <a href=\"/calendar?keyword&amp;aid=8\">family programs calendar</a>.</p><p>Family Festivals are generously sponsored by Richard and Ann Carr and The Jane and David M. Stone Charitable Trust.</p>",
    "location": null,
    "event_type_id": 4,
    "alt_event_type_ids": [],
    "audience_id": 1,
    "alt_audience_ids": [],
    "program_ids": [],
    "program_titles": [],
    "is_ticketed": false,
    "ticketed_event_id": null,
    "rsvp_link": null,
    "buy_button_text": "Buy Tickets",
    "buy_button_caption": null,
    "is_registration_required": false,
    "is_member_exclusive": false,
    "is_sold_out": false,
    "is_free": false,
    "is_private": false,
    "is_admission_required": false,
    "is_after_hours": false,
    "is_sales_button_hidden": false,
    "is_virtual_event": false,
    "virtual_event_url": null,
    "virtual_event_passcode": null,
    "start_date": "2017-04-08T00:00:00-05:00",
    "end_date": "2017-04-08T00:00:00-05:00",
    "start_time": "10:30",
    "end_time": "15:00",
    "date_display": null,
    "door_time": null,
    "layout_type": 0,
    "slug": "family-festival-colors-and-shapes",
    "entrance": null,
    "join_url": null,
    "survey_url": null,
    "event_host_id": null,
    "event_host_title": null,
    "search_tags": null,
    "source_updated_at": "2018-09-27T11:42:05-05:00",
    "updated_at": "2025-06-04T10:21:52-05:00",
    "timestamp": "2025-08-05T15:53:50-05:00"
}