{
    "id": 2986,
    "api_model": "events",
    "api_link": "https://api.artic.edu/api/v1/events/2986",
    "title": "Artful Play: Art with a Beat",
    "title_display": null,
    "image_url": null,
    "hero_caption": null,
    "short_description": "Family workshop ages 3\u20135; registration required",
    "header_description": null,
    "list_description": "Family workshop ages 3\u20135; registration required",
    "description": "<p>Take a musical journey through the museum. Look closely, tap your toes, and sing along while exploring art and music together in the galleries. </p><p>This workshop is designed for children ages 3\u20135 with one or more accompanying adults. Price for the workshop is per person; museum admission or Art Institute membership is also required for participating adults.</p><p>A registration form will be sent upon ticket purchase and must be returned to familyprograms@artic.edu prior to the program.</p><p>><strong>This program is currently at capacity. To be added to the waiting list, please email us at familyprograms@artic.edu with your name and the program that you\u2019re interested in. Although it is not guaranteed, we will contact you upon availability. </strong>For more information about <a href=\"/visit/visiting-your-family\" >family programs</a>, please call (312) 857-7161 or e-mail familyprograms@artic.edu. For upcoming family programs, please visit the family programs <a href=\"/calendar?keyword&amp;aid=8\" >calendar</a>.</p>",
    "location": null,
    "event_type_id": 0,
    "alt_event_type_ids": [],
    "audience_id": 1,
    "alt_audience_ids": [],
    "program_ids": [],
    "program_titles": [],
    "is_ticketed": false,
    "ticketed_event_id": null,
    "rsvp_link": null,
    "buy_button_text": "Buy Tickets",
    "buy_button_caption": null,
    "is_registration_required": false,
    "is_member_exclusive": false,
    "is_sold_out": false,
    "is_free": false,
    "is_private": false,
    "is_admission_required": false,
    "is_after_hours": false,
    "is_sales_button_hidden": false,
    "is_virtual_event": false,
    "virtual_event_url": null,
    "virtual_event_passcode": null,
    "start_date": "2017-02-04T00:00:00-06:00",
    "end_date": "2017-02-04T00:00:00-06:00",
    "start_time": "14:00",
    "end_time": "15:00",
    "date_display": null,
    "door_time": null,
    "layout_type": 0,
    "slug": "artful-play-art-with-a-beat-2",
    "entrance": null,
    "join_url": null,
    "survey_url": null,
    "event_host_id": null,
    "event_host_title": null,
    "search_tags": null,
    "source_updated_at": "2018-09-27T11:42:05-05:00",
    "updated_at": "2025-06-04T10:21:50-05:00",
    "timestamp": "2025-08-05T15:53:50-05:00"
}