{
    "id": 2987,
    "api_model": "events",
    "api_link": "https://api.artic.edu/api/v1/events/2987",
    "title": "Family Workshop: Art beyond Boundaries",
    "title_display": null,
    "image_url": null,
    "hero_caption": null,
    "short_description": "Ages 6\u201312; registration required",
    "header_description": null,
    "list_description": "Ages 6\u201312; registration required",
    "description": "<p>From geometric paintings to interactive environments, artist Helio Oiticica wanted his art to electrify the eyes, body, and mind. His work challenged the traditional boundaries of art and invited viewers to become active participants. Join us before hours for a special viewing of<em><a href=\"/exhibition/h-lio-oiticica-organize-delirium\"> Helio Oiticica: To Organize Delirium</a> </em>followed by experimental art making in the studio. </p><p><strong></strong>For more information about <a href=\"/visit/visiting-your-family\" >family programs</a>, please call (312) 857-7161 or e-mail familyprograms@artic.edu. For upcoming family programs, please visit the family programs <a href=\"/calendar?keyword&amp;aid=8\" >calendar</a>.</p>",
    "location": null,
    "event_type_id": 0,
    "alt_event_type_ids": [],
    "audience_id": 1,
    "alt_audience_ids": [],
    "program_ids": [],
    "program_titles": [],
    "is_ticketed": false,
    "ticketed_event_id": null,
    "rsvp_link": "https://sales.artic.edu/Events/Event/12210?date=3/25/2017",
    "buy_button_text": "Buy Tickets",
    "buy_button_caption": null,
    "is_registration_required": false,
    "is_member_exclusive": false,
    "is_sold_out": false,
    "is_free": false,
    "is_private": false,
    "is_admission_required": false,
    "is_after_hours": false,
    "is_sales_button_hidden": false,
    "is_virtual_event": false,
    "virtual_event_url": null,
    "virtual_event_passcode": null,
    "start_date": "2017-03-25T00:00:00-05:00",
    "end_date": "2017-03-25T00:00:00-05:00",
    "start_time": "10:00",
    "end_time": "11:30",
    "date_display": null,
    "door_time": null,
    "layout_type": 0,
    "slug": "family-workshop-art-beyond-boundaries",
    "entrance": null,
    "join_url": null,
    "survey_url": null,
    "event_host_id": null,
    "event_host_title": null,
    "search_tags": null,
    "source_updated_at": "2018-09-27T11:42:05-05:00",
    "updated_at": "2025-06-04T10:21:50-05:00",
    "timestamp": "2025-08-05T15:53:50-05:00"
}