{
    "id": 4,
    "api_model": "events",
    "api_link": "https://api.artic.edu/api/v1/events/4",
    "title": "Member Preview: John Singer Sargent and Chicago\u2019s Gilded Age",
    "title_display": null,
    "image_url": "https://artic-web.imgix.net/22a002db-9695-452b-9c85-7a63644df4e0/G35154-int_press.jpg?rect=0%2C349%2C2334%2C1312&auto=format%2Ccompress&q=80&fit=crop&crop=faces%2Ccenter&w=1200&h=675",
    "hero_caption": "The Fountain, Villa Torlonia, Frascati, Italy, John Singer Sargent, 1907",
    "short_description": "See the new John Singer Sargent exhibition before it opens to the public",
    "header_description": "Members can attend a preview of the John Singer Sargent exhibition before it opens to the public",
    "list_description": "Members of the Art Institute of Chicago can see John Singer Sargent and Chicago\u2019s Gilded Age\u2014featuring approximately 100 objects by the beloved artist and others in his circle\u2014before it opens to the public.",
    "description": "<p>Members of the Art Institute of Chicago can see <a href=\"/exhibitions/2522-john-singer-sargent-and-chicagos-gilded-age\" target=\"_blank\">John Singer Sargent and Chicago\u2019s Gilded Age</a>\u2014featuring approximately 100 objects by the beloved artist and others in his circle\u2014before it opens to the public.</p><p>The first Art Institute exhibition devoted to the beloved American portraitist explores the connections between Sargent and his patrons, his creative circle, and Chicago.</p><p>Sargent became the most sought-after portraitist of his generation on both sides of the Atlantic. Born in Italy to American parents, he traveled the world in search of subjects and worked professionally for more than 50 years creating vibrant, lively paintings.</p><p>No registration required - just show your member card.</p>",
    "location": "Regenstein Hall",
    "event_type_id": 4,
    "alt_event_type_ids": [],
    "audience_id": 2,
    "alt_audience_ids": [],
    "program_ids": [],
    "program_titles": [],
    "is_ticketed": false,
    "ticketed_event_id": null,
    "rsvp_link": null,
    "buy_button_text": "Buy Tickets",
    "buy_button_caption": null,
    "is_registration_required": false,
    "is_member_exclusive": true,
    "is_sold_out": false,
    "is_free": false,
    "is_private": false,
    "is_admission_required": false,
    "is_after_hours": false,
    "is_sales_button_hidden": false,
    "is_virtual_event": false,
    "virtual_event_url": null,
    "virtual_event_passcode": null,
    "start_date": "2018-06-28T00:00:00-05:00",
    "end_date": "2018-06-28T00:00:00-05:00",
    "start_time": "10:30",
    "end_time": "20:00",
    "date_display": null,
    "door_time": null,
    "layout_type": 1,
    "slug": "member-preview-john-singer-sargent-and-chicagos-gilded-age-4",
    "entrance": null,
    "join_url": null,
    "survey_url": null,
    "event_host_id": null,
    "event_host_title": null,
    "search_tags": null,
    "source_updated_at": "2018-07-11T11:36:40-05:00",
    "updated_at": "2025-06-04T10:22:44-05:00",
    "timestamp": "2025-08-05T15:53:50-05:00"
}