{
    "id": 7,
    "api_model": "events",
    "api_link": "https://api.artic.edu/api/v1/events/7",
    "title": "Artists Looking at Each Other\u2014How Drawings Betray Their Sources",
    "title_display": null,
    "image_url": null,
    "hero_caption": "&lt;p&gt;Antonio Allegri, called Correggio. St. Benedict Gesturing to the Left: Study for the Coronation of the Virgin, 1520/23. Gift of Anne Searle Bent.&lt;/p&gt;",
    "short_description": null,
    "header_description": null,
    "list_description": null,
    "description": "<p>Echo Effect Event<a href=\"/node/300\">: Capturing the Sublime: Italian Drawings of the Renaissance and Baroque</a></p><p>Curator Suzanne McCullagh selects highlights from the exhibition Capturing the Sublime: Italian Drawings of the Renaissance and Baroque to demonstrate how artists find inspiration in earlier masters as they develop their work.</p><p>Free for students with ID.</p>",
    "location": null,
    "event_type_id": 0,
    "alt_event_type_ids": [],
    "audience_id": 1,
    "alt_audience_ids": [],
    "program_ids": [],
    "program_titles": [],
    "is_ticketed": false,
    "ticketed_event_id": null,
    "rsvp_link": null,
    "buy_button_text": "Buy Tickets",
    "buy_button_caption": null,
    "is_registration_required": false,
    "is_member_exclusive": false,
    "is_sold_out": false,
    "is_free": false,
    "is_private": false,
    "is_admission_required": false,
    "is_after_hours": false,
    "is_sales_button_hidden": false,
    "is_virtual_event": false,
    "virtual_event_url": null,
    "virtual_event_passcode": null,
    "start_date": null,
    "end_date": null,
    "start_time": null,
    "end_time": null,
    "date_display": null,
    "door_time": null,
    "layout_type": 0,
    "slug": "artists-looking-at-each-otherhow-drawings-betray-their-sources",
    "entrance": null,
    "join_url": null,
    "survey_url": null,
    "event_host_id": null,
    "event_host_title": null,
    "search_tags": null,
    "source_updated_at": "2018-09-27T11:42:05-05:00",
    "updated_at": "2025-06-04T10:21:55-05:00",
    "timestamp": "2025-08-05T15:53:50-05:00"
}