{
    "id": "a06cedab-3840-5328-be77-fafa85f46ecb",
    "api_model": "event-occurrences",
    "api_link": "https://api.artic.edu/api/v1/event-occurrences/a06cedab-3840-5328-be77-fafa85f46ecb",
    "title": "Visita Guiada (S\u00e1bado)",
    "title_display": "Visita Guiada en Espa\u00f1ol",
    "event_id": 5684,
    "short_description": "\u00bfQuieres explorar el museo, pero no sabes por d\u00f3nde empezar? \u00danete a un gu\u00eda experto para un recorrido de 45 minutos sobre obras de arte ic\u00f3nicas y otros tesoros menos conocidos del museo. Este recorrido comienza en el Ala Moderna de Griffin Court.",
    "description": "<p>\u00bfQuieres explorar el museo, pero no sabes por d\u00f3nde empezar? \u00danete a un gu\u00eda experto para un recorrido de 45 minutos sobre obras de arte ic\u00f3nicas y otros tesoros menos conocidos del museo. Durante esta experiencia participativa, conectar\u00e1s con obras de la colecci\u00f3n y compartir\u00e1s pensamientos e ideas con otros visitantes. Todas las personas son bienvenidas\u2013ya sea tu primera visita o la ciento uno.</p><p><strong>Este recorrido comienza en el Ala Moderna de Griffin Court. Por favor llega a tiempo ya que los recorridos comienzan puntualmente.</strong></p><p>Las visitas guiadas se llevan a cabo todos los viernes y s\u00e1bados. <a href=\"/events?type=6\" rel=\"noopener noreferrer\">Ve todos los recorridos aqu\u00ed.</a> Los recorridos presenciales pueden ser cancelados o pospuestos debido a circunstancias imprevistas.</p><p>Si tienes alguna pregunta sobre los programas, por favor comun\u00edcate a <a href=\"mailto:museum-programs@artic.edu\" rel=\"noopener noreferrer\">museum-programs@artic.edu</a>. Para preguntas sobre accesibilidad y adecuaciones, por favor env\u00eda un correo a <a href=\"mailto:access@artic.edu\" rel=\"noopener noreferrer\">access@artic.edu</a>.</p><h2><strong>Conoce M\u00e1s sobre las Visitas Guiadas</strong></h2><p><strong>\u00bfSobre qu\u00e9 obras de arte hablaremos?</strong></p><p>Todos los objetos en nuestra colecci\u00f3n son dignos de reconocimiento. Tu gu\u00eda resaltar\u00e1 obras de arte proporcionando informaci\u00f3n y alentando al grupo a mirar con detenimiento para crear nuevas interpretaciones, a\u00fan sobre objetos que hemos visto varias veces.&nbsp;Las visitas guiadas son oportunidades para enfocar tu atenci\u00f3n en obras de arte que inspiren una discusi\u00f3n de valor.</p><p><strong>\u00bfQu\u00e9 sucede en un recorrido participativo?</strong></p><p>Adem\u00e1s de contar historias que invitan a la reflexi\u00f3n y proporcionar informaci\u00f3n sobre las obras de arte, nuestros educadores crean espacio para que los participantes compartan sus ideas con el prop\u00f3sito de contribuir al la sabidur\u00eda colectiva de nuestra comunidad. Los gu\u00edas har\u00e1n preguntas que generen una variedad de respuestas interactivas para fomentar una discusi\u00f3n informada por la investigaci\u00f3n, la observaci\u00f3n y experiencias propias. \u00a1Aprendemos m\u00e1s cuando lo hacemos juntos!</p><p><strong>\u00bfQui\u00e9n dirige las visitas guiadas?</strong></p><p>Las visitas guiadas son dirigidas por personal del Instituto de Arte, as\u00ed como por artistas, socios externos y educadores que tienen un conocimiento profundo sobre el arte, la colecci\u00f3n del Instituto de Arte y la pr\u00e1ctica creativa. Son presentadores din\u00e1micos capacitados para conectar a las personas con el arte de manera divertida, accesible, reflexiva y relevante para nuestra vida cotidiana. Los educadores aman hablar de arte y dise\u00f1an sus propios recorridos, haciendo que cada experiencia sea \u00fanica y se enriquezca gracias a los intereses del facilitador y nuestros visitantes.&nbsp;</p><p><strong>\u00bfQu\u00e9 esperar durante la visita guiada?</strong><br class=\"softbreak\"><br class=\"softbreak\">Las Visitas Guiadas comienzan puntualmente, por lo que necesitar\u00e1s darte tiempo para encontrar el punto de encuentro. Las Visitas de la 1:00 PM comienzan en el primer piso (planta baja) junto a la Gran Escalera, cerca de la entrada de Av. Michigan. El punto de encuentro se encuentra junto a las puertas de vidrio en el lado este de la escalera. Las Visitas de las 3:00 PM comienzan en el primer piso (planta baja)&nbsp;de Griffin Court en el Ala Moderna, que est\u00e1 cerca de la entrada de la Calle Monroe. Ambos puntos de encuentro est\u00e1n se\u00f1alizados. Los puntos de encuentro tambi\u00e9n est\u00e1n indicados por banderas en el mapa del museo en las Gu\u00edas para Visitantes.</p><p>En las Visitas se gu\u00edan al grupo de visitantes (de 10 a 40 personas) a trav\u00e9s de las galer\u00edas. En ocasiones, podemos dividir a los participantes en dos grupos para tener grupos m\u00e1s peque\u00f1os. Los participantes en grupos concurridos pueden necesitar ajustar su posici\u00f3n en el grupo para escuchar al gu\u00eda y ver las obras de arte.</p><p>Hay ascensores disponibles en todo el museo. Los gu\u00edas ayudar\u00e1n a cualquier persona que desee utilizar un ascensor a ubicar el m\u00e1s cercano o acompa\u00f1ar a las personas en los ascensores cuando sea necesario.</p><p><strong>Please note this gallery tour is given entirely in Spanish.</strong></p>",
    "image_url": "https://artic-web.imgix.net/519d3dd0-b443-4e99-bb98-5190db3f7f43/20191126_1209092.jpg?rect=0%2C244%2C2737%2C1543&auto=format%2Ccompress&q=80&fit=crop&crop=faces%2Ccenter&w=1200&h=677",
    "is_ticketed": false,
    "is_private": false,
    "is_sales_button_hidden": false,
    "start_at": "2025-11-01T14:00:00-05:00",
    "end_at": "2025-11-01T14:45:00-05:00",
    "on_sale_at": null,
    "off_sale_at": null,
    "location": "Encu\u00e9ntranos en Griffin Court, que est\u00e1 en el Ala Moderna.",
    "button_url": null,
    "button_text": "Buy Tickets",
    "button_caption": "<p><strong>Sin costo con boleto de admisi\u00f3n</strong></p><p>Los recorridos comienzan puntualmente a las 2:00</p>",
    "source_updated_at": "2025-06-05T14:05:27-05:00",
    "updated_at": "2025-08-04T23:27:48-05:00",
    "timestamp": "2025-08-05T15:53:53-05:00"
}