{
    "id": 12,
    "api_model": "publications",
    "api_link": "https://api.artic.edu/api/v1/publications/12",
    "title": "The Modern Series at the Art Institute of Chicago",
    "web_url": "https://publications.artic.edu/modernseries/reader/shatterrupturebreak",
    "section_ids": [
        338,
        365,
        393,
        422,
        452,
        483,
        515,
        548,
        582,
        617,
        653,
        690,
        728,
        767,
        807,
        848,
        890,
        933,
        977,
        1022,
        1068,
        1115,
        1163,
        1212,
        1262,
        1313,
        1365,
        1418,
        1527,
        1698,
        2067,
        2265,
        2333,
        2402,
        2472,
        2543,
        2615,
        2688,
        2762,
        2837,
        2913,
        2990,
        3068,
        3147,
        3227,
        3308,
        3390,
        3473,
        3557,
        3642,
        3728,
        3815,
        3903,
        3992,
        4082,
        4173,
        4265,
        4358,
        4452,
        4547,
        4643,
        4740,
        4937,
        5037,
        5138,
        5240,
        5343,
        5447,
        5552,
        5658,
        5765,
        5873,
        5982,
        6092,
        6203,
        6315,
        6428,
        6542,
        6657,
        6773,
        6890,
        7008,
        7127,
        7247,
        7490,
        7613,
        7862,
        7988,
        8243,
        8372,
        8502,
        15387,
        34703,
        34967,
        35232,
        35498,
        35765,
        36033,
        36302,
        38213,
        38490,
        38768,
        66417,
        100115,
        106017,
        106478,
        119303,
        119792,
        120282,
        120773
    ],
    "source_updated_at": null,
    "updated_at": "2025-08-01T03:05:08-05:00",
    "timestamp": "2025-08-05T15:53:09-05:00"
}