{
    "id": 2,
    "api_model": "publications",
    "api_link": "https://api.artic.edu/api/v1/publications/2",
    "title": "American Silver in the Art Institute of Chicago",
    "web_url": "https://publications.artic.edu/americansilver/reader/collection",
    "section_ids": [
        18,
        25,
        33,
        42,
        52,
        63,
        75,
        88,
        558,
        592,
        627,
        663,
        700,
        738,
        777,
        817,
        858,
        900,
        943,
        987,
        1032,
        1078,
        1125,
        1173,
        1222,
        1272,
        1323,
        1375,
        1428,
        1482,
        1537,
        1593,
        1650,
        1708,
        1767,
        1827,
        1888,
        1950,
        2013,
        2077,
        2142,
        2208,
        2275,
        2343,
        2412,
        2482,
        2553,
        2625,
        2698,
        2772,
        2847,
        2923,
        5992,
        6102,
        6213,
        6325,
        6438,
        6552,
        6667,
        6783,
        6900,
        7018,
        7137,
        7257,
        7378,
        7500,
        7623,
        7747,
        7872,
        7998,
        8125,
        8253,
        8382,
        8512,
        8643,
        8775,
        8908,
        9042,
        9177,
        9313,
        9450,
        9588,
        9727,
        9867,
        10008,
        10150,
        10293,
        10437,
        10582,
        10728,
        10875,
        11023,
        11172,
        11322,
        11473,
        11625,
        11778,
        11932,
        12087,
        12243,
        12400,
        12558,
        12717,
        12877,
        13038,
        13200,
        13363,
        13527,
        13692,
        13858,
        14025,
        14193,
        14362,
        14532,
        14703,
        14875,
        15048,
        15222,
        15397,
        15573,
        15750,
        16107,
        16287,
        16468,
        108342,
        128775,
        139125
    ],
    "source_updated_at": null,
    "updated_at": "2025-08-01T03:05:08-05:00",
    "timestamp": "2025-08-05T15:53:09-05:00"
}