{
    "id": 226,
    "api_model": "publications",
    "api_link": "https://api.artic.edu/api/v1/publications/226",
    "title": "James Ensor: The Temptation of Saint Anthony",
    "web_url": "https://publications.artic.edu/ensor/reader/temptationstanthony",
    "section_ids": [
        103058,
        103513,
        103969,
        104426,
        104884,
        105343,
        105803,
        106264,
        106726,
        107189,
        107653,
        108118,
        108584,
        109051,
        109519,
        109988,
        110458,
        110929,
        111401,
        111874,
        112348,
        112823,
        113299,
        113776,
        114254,
        114733,
        115213,
        115694,
        116176,
        116659,
        117143,
        117628,
        118114,
        118601,
        119089,
        119578,
        120068,
        120559,
        121051,
        121544,
        122038,
        122533,
        123029,
        123526,
        124024,
        124523,
        125023,
        125524,
        126026,
        126529,
        127033,
        127538,
        128044,
        128551,
        129059,
        129568,
        130078,
        130589,
        131101,
        132128,
        133159,
        134194,
        134713,
        201068,
        350476,
        523549,
        527651,
        528679,
        529708,
        530738,
        562103,
        593278
    ],
    "source_updated_at": null,
    "updated_at": "2025-08-01T03:05:08-05:00",
    "timestamp": "2025-08-05T15:53:09-05:00"
}