{
    "id": 23,
    "api_model": "publications",
    "api_link": "https://api.artic.edu/api/v1/publications/23",
    "title": "Matisse Paintings, Works on Paper, Sculpture, and Textiles at the Art Institute of Chicago",
    "web_url": "https://publications.artic.edu/matisse/reader/works",
    "section_ids": [
        1152,
        1201,
        1251,
        1302,
        1354,
        1461,
        1516,
        1572,
        1629,
        1687,
        1746,
        1806,
        1867,
        1929,
        1992,
        2056,
        2121,
        2187,
        2254,
        2322,
        2391,
        2461,
        2532,
        2604,
        2677,
        2751,
        2826,
        2902,
        2979,
        3057,
        3136,
        3216,
        3297,
        3379,
        3462,
        3546,
        3631,
        3717,
        3804,
        3892,
        3981,
        4071,
        4162,
        4254,
        4347,
        4441,
        4536,
        4632,
        4729,
        4827,
        4926,
        5026,
        5127,
        5229,
        5332,
        5436,
        5541,
        5647,
        5754,
        5862,
        5971,
        6081,
        6192,
        6304,
        6417,
        6531,
        6646,
        6762,
        6879,
        6997,
        7116,
        7236,
        7357,
        7479,
        7602,
        7726,
        7851,
        1572627,
        1828804,
        2021031,
        2023042,
        2025054,
        2083837
    ],
    "source_updated_at": null,
    "updated_at": "2025-08-01T03:05:08-05:00",
    "timestamp": "2025-08-05T15:53:09-05:00"
}