{
    "id": 34,
    "api_model": "publications",
    "api_link": "https://api.artic.edu/api/v1/publications/34",
    "title": "The Modern Series at the Art Institute of Chicago",
    "web_url": "https://publications.artic.edu/modernseries2/reader/go",
    "section_ids": [
        2450,
        2593,
        2666,
        2740,
        2815,
        2891,
        2968,
        3046,
        3125,
        3205,
        3286,
        3368,
        3451,
        3535,
        3620,
        3706,
        3793,
        3881,
        3970,
        4060,
        4151,
        4243,
        4336,
        4430,
        4525,
        4621,
        4718,
        4816,
        4915,
        5015,
        5116,
        5218,
        5321,
        5425,
        5530,
        5636,
        5743,
        5851,
        5960,
        6070,
        6181,
        6293,
        6406,
        6520,
        6635,
        6751,
        6868,
        6986,
        7105,
        7225,
        7346,
        7468,
        7591,
        7715,
        7840,
        8093,
        8221,
        8480,
        8611,
        8876,
        9010,
        9145,
        9281,
        9835,
        9976,
        10118,
        10261,
        10405,
        10550,
        10696,
        10843,
        10991,
        11140,
        11290,
        11441,
        11593,
        11746,
        11900,
        14500,
        14671,
        14843,
        15016,
        15190,
        15365,
        15541,
        15718,
        15896,
        16075,
        16255,
        16436,
        16618,
        16801,
        16985,
        17170,
        17356,
        17543,
        17731,
        17920,
        18110,
        18301,
        18493,
        18686,
        18880,
        19075,
        19271,
        19468,
        19666,
        19865,
        20065,
        20266,
        20468,
        20875,
        21080,
        21286,
        21493,
        21701,
        21910,
        22331,
        22543,
        22756,
        22970,
        23185,
        23401,
        23618,
        24055,
        24275,
        24496,
        24718,
        24941,
        25390,
        25616,
        25843,
        26071,
        26300,
        26530,
        26761,
        26993,
        27226,
        27931,
        28168,
        28406,
        28645,
        28885,
        29126,
        30593,
        51005,
        51325,
        51646,
        69716,
        70090,
        70465,
        74656
    ],
    "source_updated_at": null,
    "updated_at": "2025-08-01T03:05:08-05:00",
    "timestamp": "2025-08-05T15:53:09-05:00"
}