{
    "id": 351,
    "api_model": "publications",
    "api_link": "https://api.artic.edu/api/v1/publications/351",
    "title": "The Lithographs of James McNeill Whistler: The Digital Edition",
    "web_url": "https://publications.artic.edu/digitalwhistler/reader/lithographs",
    "section_ids": [
        62838,
        63551,
        63909,
        64268,
        64628,
        64989,
        65351,
        66443,
        66809,
        67176,
        67544,
        67913,
        69026,
        73568,
        238734,
        249219,
        250634,
        252053,
        252764,
        253476,
        254189,
        254903,
        255618,
        256334,
        257051,
        257769,
        258488,
        259208,
        259929,
        260651,
        261374,
        262098,
        262823,
        263549,
        264276,
        265004,
        265733,
        266463,
        267194,
        267926,
        268659,
        269393,
        270128,
        270864,
        271601,
        272339,
        273078,
        273818,
        274559,
        275301,
        276044,
        276788,
        277533,
        278279,
        279026,
        279774,
        280523,
        281273,
        282024,
        282776,
        283529,
        284283,
        285038,
        285794,
        286551,
        287309,
        288068,
        288828,
        289589,
        290351,
        291114,
        291878,
        292643,
        293409,
        294176,
        294944,
        295713,
        296483,
        297254,
        298026,
        298799,
        299573,
        300348,
        301124,
        301901,
        302679,
        303458,
        304238,
        305019,
        305801,
        306584,
        307368,
        308153,
        308939,
        309726,
        310514,
        311303,
        312093,
        312884,
        313676,
        314469,
        315263,
        316058,
        316854,
        317651,
        318449,
        319248,
        320048,
        320849,
        321651,
        322454,
        323258,
        324063,
        324869,
        325676,
        326484,
        327293,
        328103,
        328914,
        329726,
        330539,
        331353,
        332168,
        332984,
        333801,
        334619,
        335438,
        336258,
        337079,
        337901,
        338724,
        339548,
        340373,
        341199,
        342026,
        342854,
        343683,
        344513,
        345344,
        346176,
        347009,
        347843,
        348678,
        349514,
        350351,
        351189,
        352028,
        352868,
        353709,
        354551,
        355394,
        356238,
        357083,
        357929,
        358776,
        359624,
        360473,
        361323,
        362174,
        363026,
        363879,
        364733,
        365588,
        366444,
        367301,
        368159,
        369018,
        369878,
        370739,
        371601,
        372464,
        373328,
        374193,
        375059,
        375926,
        376794,
        377663,
        378533,
        379404,
        380276,
        381149,
        382023,
        382898,
        383774,
        384651,
        385529,
        386408,
        387288,
        388169,
        389051,
        389934,
        390818,
        391703,
        392589,
        393476,
        394364,
        395253,
        396143,
        397034,
        397926,
        398819,
        399713,
        400608,
        401504,
        402401,
        403299,
        404198,
        405098,
        405999,
        406901,
        407804,
        408708,
        409613,
        410519,
        411426,
        412334,
        413243,
        414153,
        416889,
        417803,
        418718,
        419634,
        420551,
        421469,
        422388,
        424229,
        425151,
        426074,
        426998,
        428849,
        429776,
        430704,
        433494,
        438164,
        1423476,
        1554614,
        1558143,
        1559909
    ],
    "source_updated_at": null,
    "updated_at": "2025-08-01T03:05:08-05:00",
    "timestamp": "2025-08-05T15:53:09-05:00"
}