{
    "id": 64,
    "api_model": "publications",
    "api_link": "https://api.artic.edu/api/v1/publications/64",
    "title": "Whistler Paintings and Drawings at the Art Institute of Chicago",
    "web_url": "https://publications.artic.edu/whistlerart/reader/paintingsanddrawings",
    "section_ids": [
        2350,
        2420,
        2938,
        3505,
        3940,
        6721,
        8450,
        8581,
        8713,
        8846,
        8980,
        9115,
        9946,
        10088,
        10231,
        10375,
        10520,
        10666,
        10813,
        10961,
        11110,
        11260,
        11411,
        11563,
        11716,
        11870,
        12025,
        12181,
        12338,
        12496,
        12655,
        12815,
        12976,
        13138,
        13301,
        13465,
        13630,
        13796,
        13963,
        14131,
        14300,
        14470,
        14641,
        14813,
        14986,
        15160,
        15335
    ],
    "source_updated_at": null,
    "updated_at": "2025-08-01T03:05:08-05:00",
    "timestamp": "2025-08-05T15:53:09-05:00"
}