{
    "id": 7,
    "api_model": "publications",
    "api_link": "https://api.artic.edu/api/v1/publications/7",
    "title": "Pissarro Paintings and Works on Paper at the Art Institute of Chicago",
    "web_url": "https://publications.artic.edu/pissarro/reader/paintingsandpaper",
    "section_ids": [
        128,
        163,
        182,
        202,
        223,
        245,
        268,
        292,
        343,
        370,
        398,
        427,
        488,
        520,
        553,
        587,
        622,
        658,
        695,
        982,
        1588,
        19298,
        461272,
        462233,
        463195,
        464158,
        517645,
        518663,
        520702,
        521723,
        522745,
        580495
    ],
    "source_updated_at": null,
    "updated_at": "2025-08-01T03:05:08-05:00",
    "timestamp": "2025-08-05T15:53:09-05:00"
}