{
    "id": 80,
    "api_model": "publications",
    "api_link": "https://api.artic.edu/api/v1/publications/80",
    "title": "Ivan Albright Paintings at the Art Institute of Chicago",
    "web_url": "https://publications.artic.edu/albright/reader/paintings",
    "section_ids": [
        13122,
        13285,
        13449,
        13614,
        13780,
        13947,
        14284,
        14454,
        14625,
        14797,
        14970,
        15144,
        15319,
        15495,
        15672,
        15850,
        16029,
        16209,
        16390,
        16572,
        16755,
        16939,
        17124,
        17310,
        17497,
        17685,
        17874,
        18064,
        18255,
        18447,
        18640,
        18834,
        19029,
        19225,
        19422,
        19620,
        19819,
        20019,
        20220,
        20422,
        20625,
        20829,
        21034,
        21240,
        21447,
        21655,
        21864,
        22074,
        22285,
        22497,
        22710,
        22924,
        23139,
        23572,
        23790,
        122184,
        122679,
        123175,
        124669,
        130224
    ],
    "source_updated_at": null,
    "updated_at": "2025-08-01T03:05:08-05:00",
    "timestamp": "2025-08-05T15:53:09-05:00"
}