{
    "id": "00d47f07-3c91-ed09-a140-dd4d3422ed90",
    "lake_guid": "00d47f07-3c91-ed09-a140-dd4d3422ed90",
    "api_model": "texts",
    "api_link": "https://api.artic.edu/api/v1/texts/00d47f07-3c91-ed09-a140-dd4d3422ed90",
    "title": "AIC1953SCAA13thAn_comb.pdf",
    "type": "text",
    "alt_text": null,
    "content": "https://www.artic.edu/assets/00d47f07-3c91-ed09-a140-dd4d3422ed90",
    "is_multimedia_resource": false,
    "is_educational_resource": false,
    "is_teacher_resource": false,
    "credit_line": null,
    "content_e_tag": "ca8f4a60b19c3f1fc6bdff7fa85199ed",
    "artwork_ids": [],
    "artwork_titles": [],
    "source_updated_at": "2020-11-25T06:30:03-06:00",
    "updated_at": "2020-12-11T14:09:36-06:00",
    "timestamp": "2025-08-05T15:52:34-05:00"
}