{
    "id": 7,
    "api_model": "exhibitions",
    "api_link": "https://api.artic.edu/api/v1/exhibitions/7",
    "title": "Drawings in Dialogue: Old Masters through Modern, The Harry B. and Bessie K. Braude Memorial Collection",
    "is_featured": false,
    "position": -1,
    "short_description": "Drawings in Dialogue highlights 166 of the works, including important examples by Renaissance and Baroque masters, fine drawings by 18th- and early 19th-century European and American artists, a stellar display of 19th-century French works, and a superb representation of early 20th-century art.",
    "web_url": "https://www.artic.edu/exhibitions/7/drawings-in-dialogue-old-masters-through-modern-the-harry-b-and-bessie-k-braude-memorial-collection",
    "image_url": "https://artic-web.imgix.net/43968dca-55f1-4e81-b142-5fb232678ed6/Dialogue.jpg?auto=compress%2Cformat&fit=min&fm=jpg&q=80&rect=0%2C298%2C2938%2C1653",
    "status": "Closed",
    "aic_start_at": "2006-06-03T00:00:00-05:00",
    "aic_end_at": "2006-07-30T00:00:00-05:00",
    "gallery_id": 2147475902,
    "gallery_title": "Regenstein Hall",
    "artwork_ids": [],
    "artwork_titles": [],
    "artist_ids": [],
    "site_ids": [],
    "image_id": "3d0f52ab-4a55-6fed-3d7b-9ef9f271baef",
    "alt_image_ids": [
        "f5c5a689-d7cc-a700-24b4-b5ab51aa1c8a",
        "1698b040-a409-d4dc-bddb-95614da2ad18",
        "0278b85a-b8fa-4cda-c6b0-5cacbdc5b7c9",
        "b5509b5a-9c95-2e81-82a0-98ff9dd78baa",
        "b4245a1c-604f-5fae-0937-70af3420a495",
        "db9c0751-f48b-72f1-6d65-7cd370698be3",
        "b5ee7fc0-3f94-bc0d-a88a-15b48c80416d",
        "8c8958bb-36cd-7cb1-36e9-14044a29b37f",
        "d9748140-4372-6ce9-b2b6-26725bfec144",
        "4b3820f6-1be4-290f-dcb5-e8c9925bb7aa",
        "36cad815-6592-5f90-6230-1ea76dd8d2e1",
        "4e6bb64f-39f6-b9ea-5311-3fbce31e872b",
        "bac32b06-e393-b3d1-2e3f-ff4e1c4716ed",
        "026ac8f4-7381-3a06-7623-512755cda9ce",
        "b3cef7aa-1d1b-344a-13b2-61891f6ab834",
        "543c9a2f-d964-62d6-4e8a-86275acbe59c",
        "13655c68-80cc-1a48-3f20-1c6001b7f63d",
        "bac21fea-b9b0-c2e8-1e70-90eb3fcc763e",
        "12dda090-e501-328a-193a-33e6ef31ca4c",
        "2fc6a9f9-dc56-89bc-223d-3f1a44e5482a",
        "aaceb939-c653-1f1e-9c79-f6853ef14a73",
        "e320d2b6-45e4-af63-23f6-62182e5334f9",
        "0651ffdd-9daf-62eb-abf4-b27d3f96f1a7",
        "e949614e-5ea0-3476-a453-b3fb143baceb",
        "6e76390f-6870-c05e-6335-b6af2ccba121",
        "65a2a39d-f5d7-388f-1097-8673026cc550",
        "6f3f0e3f-08a4-8bb1-335e-0daf3ca284c4",
        "4eac8f96-872d-679c-6769-42702391d2e0",
        "ac1662e8-b875-9e6a-7edf-8ac34526d963",
        "28cced20-b381-4f70-39be-2fb5c9bb2aa4",
        "b33c5f1d-40c5-5939-01c4-6b5e2f1d39e8",
        "7b5177b0-e649-0d81-889c-279b592b4adc",
        "52c4e908-d31a-de3a-1294-db5b3c2ea769",
        "abd28b58-b8ed-8ff9-cab1-764124490789",
        "d9e175f4-3ac3-b38b-b9e7-055d4b161e4e",
        "2bbe2096-d11f-ac28-b361-df757730ea89",
        "12a36a14-f373-2be1-6ba1-c6deabffb13f",
        "3cce5ebe-ef29-c264-c93b-e873e6aaa8ba",
        "fa24eebf-8727-c580-9d48-3688b8108493",
        "1b777381-adfa-524a-763d-181461630573",
        "370898e2-2bcd-5df5-7b32-24112a2a3699",
        "cc540d49-a13f-4a05-4a1e-3933b2b85b89"
    ],
    "document_ids": [],
    "suggest_autocomplete_all": {
        "input": [
            "Drawings in Dialogue: Old Masters through Modern, The Harry B. and Bessie K. Braude Memorial Collection"
        ],
        "contexts": {
            "groupings": [
                "title"
            ]
        }
    },
    "source_updated_at": "2025-03-12T11:20:44-05:00",
    "updated_at": "2025-08-04T23:36:51-05:00",
    "timestamp": "2025-08-05T15:42:05-05:00"
}