{
    "id": 71,
    "api_model": "exhibitions",
    "api_link": "https://api.artic.edu/api/v1/exhibitions/71",
    "title": "Water Colors by Winslow Homer, Martin A. Ryerson Collection",
    "is_featured": false,
    "position": -1,
    "short_description": null,
    "web_url": null,
    "image_url": null,
    "status": "Closed",
    "aic_start_at": "1926-07-01T00:00:00-05:00",
    "aic_end_at": "1926-10-01T00:00:00-06:00",
    "gallery_id": null,
    "gallery_title": null,
    "artwork_ids": [],
    "artwork_titles": [],
    "artist_ids": [],
    "site_ids": [],
    "image_id": null,
    "alt_image_ids": [],
    "document_ids": [],
    "suggest_autocomplete_all": {
        "input": [
            "Water Colors by Winslow Homer, Martin A. Ryerson Collection"
        ],
        "contexts": {
            "groupings": [
                "title"
            ]
        }
    },
    "source_updated_at": "1976-09-02T11:20:00-05:00",
    "updated_at": "2020-12-15T10:22:40-06:00",
    "timestamp": "2025-08-05T15:42:05-05:00"
}