{
    "id": 34,
    "api_model": "digital-publications",
    "api_link": "https://api.artic.edu/api/v1/digital-publications/34",
    "title": "Malangatana: Mozambique Modern",
    "web_url": "https://www.artic.edu/digital-publications/34/malangatana-mozambique-modern",
    "copy": "<h1>Malangatana: Mozambique Modern</h1><p>This publication shares and expands upon <em>Malangatana: Mozambique Modern</em>, an exhibition dedicated to the work of the pioneering artist Malangatana Ngwenya (1936\u20132011) with a focus on his oeuvre from the late 1950s until 1975, the year of Mozambique\u2019s independence.</p><p>Works<br/>&#8220;Introduction: Looking in All Directions&#8221; by Hendrik Folkerts<br/>\u201cAffinities: Malangatana, Surrealism, and Black Liberatory Politics\u201d by Felicia Mings<br/>\u201cMalangatana as Ethnographer? Modern Paintings of Village Life\u201d by Constantine Petridis<br/>Director&#8217;s Foreword<br/>About<br/>Credits<br/>\u201c&#8217;The Complete Painter&#8217;: Malangatana\u2019s Approach to Painting, 1959\u201375&#8221; by Allison Langley, Katrina Rush, and Julie Simek<br/>Contributions<br/>Installation Views<br/>Works in the Exhibition<br/>Series Introduction<br/>\u201cDeep Ambivalences: Malangatana\u2019s Anti/Colonial Aesthetic\u201d by M\u00e1rio Pissarra<br/>Acknowledgments<br/></p>",
    "source_updated_at": "2025-07-23T15:31:09-05:00",
    "updated_at": "2025-08-04T23:48:05-05:00",
    "timestamp": "2025-08-05T15:53:53-05:00"
}