{
    "id": 36,
    "api_model": "digital-publications",
    "api_link": "https://api.artic.edu/api/v1/digital-publications/36",
    "title": "Perspectives on In/stability",
    "web_url": "https://www.artic.edu/digital-publications/36/perspectives-on-instability",
    "copy": "<h1>Perspectives on In/stability</h1><p>This publication, the first in the three-volume <em>Perspectives</em> series, explores how stability and instability manifest in and shape artworks, the narratives we tell about them, and how we present them.</p><p>About<br/>Contributions<br/>Stability Isn&#8217;t Everything It&#8217;s Glitched Up to Be: An Interview with Jamie Fenton<br/>Forces of In/stability<br/>Edo Spaces, European Images: Iterations of Art and Architecture of Benin<br/>Credits<br/>Seven-Figure Settlements and Paid Days Off: An Interview with Devin Kenny<br/>From Cloth to Clay: Identities and Im/permanence in Moche Ceramics<br/>Seeking Balance: Material and Meaning in a Polychrome Guanyin<br/>Director&#8217;s Foreword<br/>The Color of Fire Is Flux<br/>Empty Fields Revisited<br/></p>",
    "source_updated_at": "2025-07-23T15:30:37-05:00",
    "updated_at": "2025-08-04T23:48:05-05:00",
    "timestamp": "2025-08-05T15:53:53-05:00"
}