{
    "id": 37,
    "api_model": "digital-publications",
    "api_link": "https://api.artic.edu/api/v1/digital-publications/37",
    "title": "Perspectives on Data",
    "web_url": "https://www.artic.edu/digital-publications/37/perspectives-on-data",
    "copy": "<h1>Perspectives on Data</h1><p>This publication, the second in the three-volume <em>Perspectives</em> series, explores the potentials and pitfalls of using data and data-oriented approaches in art, art history, and museums through essays, interviews, and a video that address topics such as data analysis and visualization, the design of collection management systems, and the representation of provenance.</p><p>Mapping Senufo: Making Visible Debatable Information and Situated Knowledge<br/>About<br/>Iterative Pasts and Linked Futures: A Feminist Approach to Modeling Data in Archives and Collections of Artists\u2019 Publishing<br/>Make Slow, Make Long<br/>Crowdsourcing Metadata in Museums: Expanding Descriptions, Access, Transparency, and Experience<br/>Digital Methods for Inquiry into the Eurocentric Structure of Architectural History Surveys<br/>Contributions<br/>The Sound and Voice of Violent Things: Against the Silence of Data Visualization<br/>Credits<br/>The Human Shape of Data<br/>Taking Care of History: Toward a Politics of Provenance Linked Open Data in Museums<br/>Director&#8217;s Foreword<br/></p>",
    "source_updated_at": "2025-07-23T15:29:21-05:00",
    "updated_at": "2025-08-04T23:48:05-05:00",
    "timestamp": "2025-08-05T15:53:53-05:00"
}