{
    "id": 38,
    "api_model": "digital-publications",
    "api_link": "https://api.artic.edu/api/v1/digital-publications/38",
    "title": "Perspectives on Place",
    "web_url": "https://www.artic.edu/digital-publications/38/perspectives-on-place",
    "copy": "<h1>Perspectives on Place</h1><p>This publication, the third in the three-volume <em>Perspectives</em> series, explores the many ways in which materials, methodologies, and technologies make and define place through an expansive geographical, temporal, and theoretical range of artworks, sites, and subjects. </p><p>Pots, Petroglyphs, and Pathways: The Mythical Killer Whale in Nasca Art<br/>Conserving Polychrome Surfaces in the Church of Nossa Senhora da Concei\u00e7\u00e3o dos Militares in Recife, Brazil<br/>Staging Site-Specific Installation Art in a Museum Context<br/>A New Setting for Tiffany Glass: The Hartwell Memorial Window at the Art Institute of Chicago<br/>Siting a Multiple: Robert Motherwell\u2019s A la pintura (1968\u201372)<br/>About<br/>Contributions<br/>In Situ<br/>Credits<br/>Director&#8217;s Foreword<br/>Lookout Towers<br/></p>",
    "source_updated_at": "2025-07-23T15:28:39-05:00",
    "updated_at": "2025-08-04T23:48:05-05:00",
    "timestamp": "2025-08-05T15:53:53-05:00"
}