{
    "id": 43,
    "api_model": "digital-publications",
    "api_link": "https://api.artic.edu/api/v1/digital-publications/43",
    "title": "Never a Lovely So Real: Photography and Film in Chicago, 1950\u20131980",
    "web_url": "https://www.artic.edu/digital-publications/43/never-a-lovely-so-real-photography-and-film-in-chicago-1950-1980",
    "copy": "<h1>Never a Lovely So Real: Photography and Film in Chicago, 1950\u20131980</h1><p>This publication celebrates, and expands upon, the 2018 exhibition <em>Never a Lovely So Real: Photography and Film in Chicago, 1950\u20131980</em>, which presented the work of practitioners across the city who vividly captured the spirit of their communities.</p><p>Works in the Exhibition<br/>Digital Resources<br/>&#8220;This Is Black Chicago: Opportunity and Inequity on the South Side&#8221; by Natalie Y. Moore<br/>Video: &#8220;Panel: A Conversation About Photography and the Black Arts Movement&#8221;<br/>About<br/>&#8220;Motion Pictures: Photographers and Film in Chicago&#8221; by Grace Deveney<br/>Contributions<br/>&#8220;On Material, Imagination, and Memory&#8221; by Tempestt Hazel<br/>Installation Views<br/>From the Exhibition<br/>Director&#8217;s Foreword<br/>Credits<br/>Acknowledgments<br/>&#8220;Black Arts Movement Photography in Chicago: From Impermanent Institutions to a Tentative &#8216;Arrival&#8217;&#8221; by Romi Crawford<br/>The Picture-Taking Lady: Mikki Ferrill in Conversation with Michal Raz-Russo<br/>Audio Tour and Transcripts: Chicago Seen and Heard<br/>Video: &#8220;Mikki Ferrill&#8217;s Garage Series, Art Institute Essentials Tour&#8221;<br/>The Chicago School: A Conversation with Artists Darryl Cowherd, Roy Lewis, Ozier Muhammad, and James Stricklin and Curator Michal Raz-Russo<br/>&#8220;Proof of Love&#8221; by Tonika Johnson<br/>&#8220;Chicago Photography: A Reintroduction&#8221; by Michal Raz-Russo<br/></p>",
    "source_updated_at": "2025-07-23T15:26:27-05:00",
    "updated_at": "2025-08-04T23:48:05-05:00",
    "timestamp": "2025-08-05T15:53:53-05:00"
}