{
    "id": 44,
    "api_model": "digital-publications",
    "api_link": "https://api.artic.edu/api/v1/digital-publications/44",
    "title": "Caillebotte Paintings and Drawings at the Art Institute of Chicago",
    "web_url": "https://www.artic.edu/digital-publications/44/caillebotte-paintings-and-drawings-at-the-art-institute-of-chicago",
    "copy": "<h1>Caillebotte Paintings and Drawings at the Art Institute of Chicago</h1><p><em>We are delighted to present the third volume in the series of scholarly catalogues for the Impressionist and Post-Impressionist paintings and unique works on paper in the collection of the Art Institute of Chicago.</em><br class=\"softbreak\"></p><p>Collectors<br/>Glossary<br/>Director\u2019s Statement<br/>About This Catalogue<br/>Videos<br/>Cat. 5 \u00a0Self-Portrait with a Hat, c. 1879<br/>Discoveries in the Paper Conservation Lab<br/>Works of Art<br/>Authors and Contributors<br/>Cat. 3 \u00a0Calf\u2019s Head and Ox Tongue, c. 1882<br/>Bertha Honor\u00e9 Palmer and Potter Palmer<br/>Introduction<br/>Paris Street; Rainy Day: New Discoveries<br/>Acknowledgments<br/>Charles H. and Mary F. S. Worcester<br/>Note to the Reader<br/>Note on the Revised Edition (2025)<br/>Cat. 1 \u00a0Study for \u201cParis Street; Rainy Day,\u201d 1877<br/>Cat. 2 Paris Street; Rainy Day, 1877<br/>Appendix<br/>Copyright<br/>Cat. 4 \u00a0Sketchbook, June 1883\u2013September 1887<br/>A Thousand and One Swabs: The Transformation of Paris Street<br/>On the rue de Turin<br/>Mrs. Lewis Larned (Annie Swan) Coburn<br/>Enlarging the Drawing for Transfer<br/></p>",
    "source_updated_at": "2025-07-31T12:05:05-05:00",
    "updated_at": "2025-08-04T23:48:05-05:00",
    "timestamp": "2025-08-05T15:53:53-05:00"
}