{
    "id": "000a23d2-4abf-5b0e-6e2d-a1d25c3176a4",
    "lake_guid": "000a23d2-4abf-5b0e-6e2d-a1d25c3176a4",
    "api_model": "images",
    "api_link": "https://api.artic.edu/api/v1/images/000a23d2-4abf-5b0e-6e2d-a1d25c3176a4",
    "title": "AS_03193",
    "type": "image",
    "alt_text": null,
    "content": null,
    "is_multimedia_resource": false,
    "is_educational_resource": false,
    "is_teacher_resource": false,
    "credit_line": null,
    "content_e_tag": "3a4e5c471e5f0c678a2aa9e9b604b0d0",
    "iiif_url": "/000a23d2-4abf-5b0e-6e2d-a1d25c3176a4",
    "width": 2592,
    "height": 3738,
    "lqip": "data:image/gif;base64,R0lGODlhAwAFAPMAAGVtX0tcZkRfbFJeZFVobWJoYWd0bW98a3h0Ym57dGd0eH6DZpCDbnGMg3yNhAAAACH5BAAAAAAALAAAAAADAAUAAAQLEBUGgjrErOaSGBEAOw==",
    "colorfulness": 31.3463,
    "color": {
        "h": 39,
        "l": 63,
        "s": 35,
        "percentage": 0.012974495848161328,
        "population": 133
    },
    "fingerprint": {
        "ahash": "9f838181b1bfb980",
        "dhash": "575f595d616d5141",
        "phash": "ffb5e49560c184ca",
        "whash": "9f83818191bffd81"
    },
    "ahash": {
        "hash_0": true,
        "hash_1": false,
        "hash_2": false,
        "hash_3": true,
        "hash_4": true,
        "hash_5": true,
        "hash_6": true,
        "hash_7": true,
        "hash_8": true,
        "hash_9": false,
        "hash_10": false,
        "hash_11": false,
        "hash_12": false,
        "hash_13": false,
        "hash_14": true,
        "hash_15": true,
        "hash_16": true,
        "hash_17": false,
        "hash_18": false,
        "hash_19": false,
        "hash_20": false,
        "hash_21": false,
        "hash_22": false,
        "hash_23": true,
        "hash_24": true,
        "hash_25": false,
        "hash_26": false,
        "hash_27": false,
        "hash_28": false,
        "hash_29": false,
        "hash_30": false,
        "hash_31": true,
        "hash_32": true,
        "hash_33": false,
        "hash_34": true,
        "hash_35": true,
        "hash_36": false,
        "hash_37": false,
        "hash_38": false,
        "hash_39": true,
        "hash_40": true,
        "hash_41": false,
        "hash_42": true,
        "hash_43": true,
        "hash_44": true,
        "hash_45": true,
        "hash_46": true,
        "hash_47": true,
        "hash_48": true,
        "hash_49": false,
        "hash_50": true,
        "hash_51": true,
        "hash_52": true,
        "hash_53": false,
        "hash_54": false,
        "hash_55": false,
        "hash_56": false,
        "hash_57": false,
        "hash_58": false,
        "hash_59": false,
        "hash_60": false,
        "hash_61": false,
        "hash_62": false,
        "hash_63": false
    },
    "phash": {
        "hash_0": true,
        "hash_1": true,
        "hash_2": true,
        "hash_3": true,
        "hash_4": true,
        "hash_5": true,
        "hash_6": true,
        "hash_7": true,
        "hash_8": true,
        "hash_9": false,
        "hash_10": true,
        "hash_11": true,
        "hash_12": false,
        "hash_13": true,
        "hash_14": false,
        "hash_15": true,
        "hash_16": true,
        "hash_17": true,
        "hash_18": true,
        "hash_19": false,
        "hash_20": false,
        "hash_21": true,
        "hash_22": false,
        "hash_23": false,
        "hash_24": true,
        "hash_25": false,
        "hash_26": false,
        "hash_27": true,
        "hash_28": false,
        "hash_29": true,
        "hash_30": false,
        "hash_31": true,
        "hash_32": false,
        "hash_33": true,
        "hash_34": true,
        "hash_35": false,
        "hash_36": false,
        "hash_37": false,
        "hash_38": false,
        "hash_39": false,
        "hash_40": true,
        "hash_41": true,
        "hash_42": false,
        "hash_43": false,
        "hash_44": false,
        "hash_45": false,
        "hash_46": false,
        "hash_47": true,
        "hash_48": true,
        "hash_49": false,
        "hash_50": false,
        "hash_51": false,
        "hash_52": true,
        "hash_53": false,
        "hash_54": false,
        "hash_55": false,
        "hash_56": false,
        "hash_57": false,
        "hash_58": false,
        "hash_59": false,
        "hash_60": false,
        "hash_61": false,
        "hash_62": false,
        "hash_63": false
    },
    "artwork_ids": [
        13164
    ],
    "artwork_titles": [
        "Pine of Success and Oumayagashi, Asakusa River (Asakusagawa shubi no matsu Oumayagashi), from the series \"One Hundred Famous Views of Edo (Meisho Edo hyakkei)\""
    ],
    "source_updated_at": "2021-05-21T12:20:36-05:00",
    "updated_at": "2025-03-19T19:19:52-05:00",
    "timestamp": "2025-08-05T15:45:39-05:00"
}