{
    "id": "000d56f7-d8b7-4836-af85-d5e22d050f71",
    "lake_guid": "000d56f7-d8b7-4836-af85-d5e22d050f71",
    "api_model": "images",
    "api_link": "https://api.artic.edu/api/v1/images/000d56f7-d8b7-4836-af85-d5e22d050f71",
    "title": "PH_06664",
    "type": "image",
    "alt_text": null,
    "content": null,
    "is_multimedia_resource": false,
    "is_educational_resource": false,
    "is_teacher_resource": false,
    "credit_line": null,
    "content_e_tag": "998be81cab98bc2f22cf0e3eef5b53a7",
    "iiif_url": "/000d56f7-d8b7-4836-af85-d5e22d050f71",
    "width": 2107,
    "height": 3000,
    "lqip": "data:image/gif;base64,R0lGODlhAwAFAPMAADo4Nzs6OUNCQUlIR0tKSUxLSUxLSk5NS05NTU9OTVJRUFdWVVxbWVxbWmVkYwAAACH5BAAAAAAALAAAAAADAAUAAAQLcCFHhCohHTCYaREAOw==",
    "colorfulness": 2.7173,
    "color": {
        "h": 51,
        "l": 51,
        "s": 1,
        "percentage": 0.004646105179913009,
        "population": 47
    },
    "fingerprint": {
        "ahash": "bf818d818181a1bf",
        "dhash": "6d31597947454765",
        "phash": "aa9a8565b5c7d245",
        "whash": "ff818d818181a3ff"
    },
    "ahash": {
        "hash_0": true,
        "hash_1": false,
        "hash_2": true,
        "hash_3": true,
        "hash_4": true,
        "hash_5": true,
        "hash_6": true,
        "hash_7": true,
        "hash_8": true,
        "hash_9": false,
        "hash_10": false,
        "hash_11": false,
        "hash_12": false,
        "hash_13": false,
        "hash_14": false,
        "hash_15": true,
        "hash_16": true,
        "hash_17": false,
        "hash_18": false,
        "hash_19": false,
        "hash_20": true,
        "hash_21": true,
        "hash_22": false,
        "hash_23": true,
        "hash_24": true,
        "hash_25": false,
        "hash_26": false,
        "hash_27": false,
        "hash_28": false,
        "hash_29": false,
        "hash_30": false,
        "hash_31": true,
        "hash_32": true,
        "hash_33": false,
        "hash_34": false,
        "hash_35": false,
        "hash_36": false,
        "hash_37": false,
        "hash_38": false,
        "hash_39": true,
        "hash_40": true,
        "hash_41": false,
        "hash_42": false,
        "hash_43": false,
        "hash_44": false,
        "hash_45": false,
        "hash_46": false,
        "hash_47": true,
        "hash_48": true,
        "hash_49": false,
        "hash_50": true,
        "hash_51": false,
        "hash_52": false,
        "hash_53": false,
        "hash_54": false,
        "hash_55": false,
        "hash_56": false,
        "hash_57": false,
        "hash_58": false,
        "hash_59": false,
        "hash_60": false,
        "hash_61": false,
        "hash_62": false,
        "hash_63": false
    },
    "phash": {
        "hash_0": true,
        "hash_1": false,
        "hash_2": true,
        "hash_3": false,
        "hash_4": true,
        "hash_5": false,
        "hash_6": true,
        "hash_7": false,
        "hash_8": true,
        "hash_9": false,
        "hash_10": false,
        "hash_11": true,
        "hash_12": true,
        "hash_13": false,
        "hash_14": true,
        "hash_15": false,
        "hash_16": true,
        "hash_17": false,
        "hash_18": false,
        "hash_19": false,
        "hash_20": false,
        "hash_21": true,
        "hash_22": false,
        "hash_23": true,
        "hash_24": false,
        "hash_25": true,
        "hash_26": true,
        "hash_27": false,
        "hash_28": false,
        "hash_29": true,
        "hash_30": false,
        "hash_31": true,
        "hash_32": true,
        "hash_33": false,
        "hash_34": true,
        "hash_35": true,
        "hash_36": false,
        "hash_37": true,
        "hash_38": false,
        "hash_39": true,
        "hash_40": true,
        "hash_41": true,
        "hash_42": false,
        "hash_43": false,
        "hash_44": false,
        "hash_45": true,
        "hash_46": true,
        "hash_47": true,
        "hash_48": true,
        "hash_49": true,
        "hash_50": false,
        "hash_51": true,
        "hash_52": false,
        "hash_53": false,
        "hash_54": false,
        "hash_55": false,
        "hash_56": false,
        "hash_57": false,
        "hash_58": false,
        "hash_59": false,
        "hash_60": false,
        "hash_61": false,
        "hash_62": false,
        "hash_63": false
    },
    "artwork_ids": [
        145301
    ],
    "artwork_titles": [
        "Tambor, La Orquesta del Nuevo Ritmo (Drum, the Orchestra of the New Rhythm)"
    ],
    "source_updated_at": "2021-05-24T15:30:25-05:00",
    "updated_at": "2025-03-19T17:43:18-05:00",
    "timestamp": "2025-08-05T15:49:08-05:00"
}