{
    "id": "0b1533af-5912-8eb5-ff18-c506cc58507f",
    "lake_guid": "0b1533af-5912-8eb5-ff18-c506cc58507f",
    "api_model": "sounds",
    "api_link": "https://api.artic.edu/api/v1/sounds/0b1533af-5912-8eb5-ff18-c506cc58507f",
    "title": "Audio Lecture: Transforming the Model: Between Nature and Fantasy in Gianlorenzo Bernini's Academic Nudes",
    "type": "sound",
    "alt_text": null,
    "content": "https://www.artic.edu/assets/0b1533af-5912-8eb5-ff18-c506cc58507f",
    "is_multimedia_resource": false,
    "is_educational_resource": false,
    "is_teacher_resource": false,
    "credit_line": null,
    "content_e_tag": "0a5c33381bcce8dab9f5caad3d10335d",
    "artwork_ids": [],
    "artwork_titles": [],
    "source_updated_at": "2020-12-15T13:21:21-06:00",
    "updated_at": "2025-03-19T12:44:07-05:00",
    "timestamp": "2025-08-05T15:52:31-05:00"
}