{
    "id": 3,
    "api_model": "landing-pages",
    "api_link": "https://api.artic.edu/api/v1/landing-pages/3",
    "title": "Home",
    "web_url": null,
    "copy": "Experience Gustave Caillebotte. Go beyond the iconic painting Paris Street; Rainy Day and discover the style and subjects that made Gustave Caillebotte the most distinct of all the Impressionists. Gustave Caillebotte: Painting His World brings together more than 120 works focused on the people\u2014friends, family, employees, fellow sportsmen\u2014who shaped his world. Just be sure to add a Caillebotte ticket ($10) to your order. Or if you're a member, no ticket or reservation is needed; just show your member card and join the virtual line when you arrive.",
    "search_tags": null,
    "source_updated_at": "2025-07-28T09:03:17-05:00",
    "updated_at": "2025-07-28T09:05:25-05:00",
    "timestamp": "2025-08-05T15:53:53-05:00"
}