{
    "id": 5,
    "api_model": "sites",
    "api_link": "https://api.artic.edu/api/v1/sites/5",
    "title": "Faces, Places & Inner spaces",
    "description": "Faces, Places, and Inner Spaces, a new interactive exhibition in the Hammerman Gallery of the Kraft Education Center, introduces you to a selection of art from Asia, Europe, and the Americas. Here, you can explore 5 of the 11 works of art in the exhibition and take a virtual tour of the gallery space. Play games, look, read, and have fun!",
    "web_url": "http://archive.artic.edu/faces/",
    "exhibition_ids": [
        93
    ],
    "exhibition_titles": [
        "Faces, Places & Inner spaces"
    ],
    "artwork_ids": [
        21839
    ],
    "artwork_titles": [
        "The Actor Ichikawa Danjuro IV in a \"Shibaraku\" Role, Possibly from the Play Ima o Sakari Suehiro Genji (The Genji Clan Now at Its Zenith), Performed at the Nakamura Theater from the First Day of the Eleventh Month, 1768"
    ],
    "source_updated_at": null,
    "updated_at": "2025-08-01T03:00:20-05:00",
    "timestamp": "2025-08-05T15:53:48-05:00"
}