{
    "id": 24,
    "api_model": "artworks",
    "api_link": "https://api.artic.edu/api/v1/artworks/24",
    "is_boosted": false,
    "title": "Portrait of Edouard Mol\u00e9",
    "alt_titles": null,
    "thumbnail": {
        "lqip": "data:image/gif;base64,R0lGODlhAwAFAPMAAF1ZUGNfVWdiWGdiWWtmW3VvY3p1aYB7bYB7boR+boWAcY6IeZiSgZyWhZ2XiAAAACH5BAAAAAAALAAAAAADAAUAAAQL0AwERDiLpKKaYxEAOw==",
        "width": 2062,
        "height": 3000,
        "alt_text": "A work made of engraving on paper."
    },
    "main_reference_number": "1887.265",
    "has_not_been_viewed_much": false,
    "boost_rank": null,
    "date_start": 1653,
    "date_end": 1653,
    "date_display": "1653",
    "date_qualifier_title": "Made",
    "date_qualifier_id": 4,
    "artist_display": "Robert Nanteuil\nFrench, 1623-1678",
    "place_of_origin": "France",
    "description": null,
    "short_description": null,
    "dimensions": "Plate trimmed: 29.1 \u00d7 20.1 cm (11 1/2 \u00d7 7 15/16 in.)",
    "dimensions_detail": [
        {
            "depth": null,
            "width": 20,
            "height": 29,
            "diameter": null,
            "clarification": "Plate trimmed"
        }
    ],
    "medium_display": "Engraving on paper",
    "inscriptions": null,
    "credit_line": "Elizabeth Hammond Stickney Collection",
    "catalogue_display": "<p>Petitjean & Wickert 173 II/II</p><p>Robert-Dumesnil 193 I/I</p>",
    "publication_history": null,
    "exhibition_history": null,
    "provenance_text": null,
    "edition": null,
    "publishing_verification_level": "Web Basic",
    "internal_department_id": 3,
    "fiscal_year": null,
    "fiscal_year_deaccession": null,
    "is_public_domain": true,
    "is_zoomable": true,
    "max_zoom_window_size": -1,
    "copyright_notice": null,
    "has_multimedia_resources": false,
    "has_educational_resources": false,
    "has_advanced_imaging": false,
    "colorfulness": 12.5248,
    "color": {
        "h": 38,
        "l": 38,
        "s": 8,
        "percentage": 0.0851460738951813,
        "population": 880
    },
    "latitude": null,
    "longitude": null,
    "latlon": null,
    "is_on_view": false,
    "on_loan_display": null,
    "gallery_title": null,
    "gallery_id": null,
    "nomisma_id": null,
    "artwork_type_title": "Print",
    "artwork_type_id": 18,
    "department_title": "Prints and Drawings",
    "department_id": "PC-13",
    "artist_id": 35960,
    "artist_title": "Robert Nanteuil",
    "alt_artist_ids": [],
    "artist_ids": [
        35960
    ],
    "artist_titles": [
        "Robert Nanteuil"
    ],
    "category_ids": [
        "PC-13"
    ],
    "category_titles": [
        "Prints and Drawings"
    ],
    "term_titles": [
        "engraving",
        "paper (fiber product)",
        "print",
        "prints and drawing"
    ],
    "style_id": null,
    "style_title": null,
    "alt_style_ids": [],
    "style_ids": [],
    "style_titles": [],
    "classification_id": "TM-12",
    "classification_title": "engraving",
    "alt_classification_ids": [
        "TM-17",
        "TM-4"
    ],
    "classification_ids": [
        "TM-12",
        "TM-17",
        "TM-4"
    ],
    "classification_titles": [
        "engraving",
        "print",
        "prints and drawing"
    ],
    "subject_id": null,
    "alt_subject_ids": [],
    "subject_ids": [],
    "subject_titles": [],
    "material_id": "TM-2982",
    "alt_material_ids": [],
    "material_ids": [
        "TM-2982"
    ],
    "material_titles": [
        "paper (fiber product)"
    ],
    "technique_id": null,
    "alt_technique_ids": [],
    "technique_ids": [],
    "technique_titles": [],
    "theme_titles": [],
    "image_id": "5df51c9d-dac5-d962-4d4b-300339219e54",
    "alt_image_ids": [],
    "document_ids": [],
    "sound_ids": [],
    "video_ids": [],
    "text_ids": [],
    "section_ids": [],
    "section_titles": [],
    "site_ids": [],
    "suggest_autocomplete_all": [
        {
            "input": [
                "1887.265"
            ],
            "contexts": {
                "groupings": [
                    "accession"
                ]
            }
        },
        {
            "input": [
                "Portrait of Edouard Mol\u00e9"
            ],
            "weight": 326275,
            "contexts": {
                "groupings": [
                    "title"
                ]
            }
        }
    ],
    "source_updated_at": "2022-09-21T19:18:44-05:00",
    "updated_at": "2025-04-15T23:38:55-05:00",
    "timestamp": "2025-08-05T14:10:37-05:00"
}