{
    "id": 245304,
    "api_model": "products",
    "api_link": "https://api.artic.edu/api/v1/products/245304",
    "title": "Sky Umbrella",
    "external_sku": 101235,
    "image_url": "https://shop-images.imgix.net/101235_2.jpg",
    "web_url": "https://shop.artic.edu/products/101235",
    "description": null,
    "price_display": "<p>$45 <s>$0</s></p>",
    "min_compare_at_price": 0,
    "max_compare_at_price": 0,
    "min_current_price": 45,
    "max_current_price": 45,
    "artist_ids": [],
    "artwork_ids": [],
    "exhibition_ids": [],
    "source_updated_at": "2023-01-03T08:30:27-06:00",
    "updated_at": "2023-01-03T23:00:54-06:00",
    "timestamp": "2025-08-05T15:52:39-05:00"
}