{
    "id": 128,
    "api_model": "sections",
    "api_link": "https://api.artic.edu/api/v1/sections/128",
    "title": "Pissarro Paintings and Works on Paper at the Art Institute of Chicago",
    "web_url": "https://publications.artic.edu/pissarro/reader/paintingsandpaper/section/8",
    "accession": null,
    "generic_page_id": 9,
    "artwork_id": null,
    "publication_title": "Pissarro Paintings and Works on Paper at the Art Institute of Chicago",
    "publication_id": 7,
    "content": "<section id=\"figures\"></section>",
    "source_updated_at": null,
    "updated_at": "2025-08-01T03:05:13-05:00",
    "timestamp": "2025-08-05T15:53:10-05:00"
}