{
    "id": 75,
    "api_model": "sections",
    "api_link": "https://api.artic.edu/api/v1/sections/75",
    "title": "Cat. 1 \u00a0Wine Cup, c. 1660",
    "web_url": "https://publications.artic.edu/americansilver/reader/collection/section/9",
    "accession": "2014.995",
    "generic_page_id": 2,
    "artwork_id": 222996,
    "publication_title": "American Silver in the Art Institute of Chicago",
    "publication_id": 2,
    "content": "<section class=\"osci-tk-epub-section tombstone\" id=\"tombstone\">John Hull (American, born England, 1624\u20131683)  \nRobert Sanderson (American, born England, c. 1608\u20131693)  \nBoston, Massachusetts  \nSilver; 17.2 \u00d7 9.2 \u00d7 9.4 cm (6 3/4 \u00d7 3 5/8 \u00d7 3 11/16 in.)  \nThe Art Institute of Chicago, restricted gift of the Antiquarian Society; Mary Swissler Oldberg Memorial Fund; restricted gifts of Samuel Mencoff and of Jamee J. and Marshall Field; Mary Swissler Oldberg Fund; restricted gifts of Marilynn Thoma, Mrs. Herbert A. Vance, Erica C. Meyer, National Society of The Colonial Dames of America in the State of Illinois; and Jan and Tom Pavlovic, 2014.995\n\n</section><section class=\"osci-tk-epub-section curatorial_entry\" id=\"curatorial_entry\">At rim (fig. 1.1)\n\nEngraved on body: The Gift of William Needham to Brantry Church, 1688\n\nScratched on bottom: 10-17\n\n</section><section class=\"osci-tk-epub-section provenance\" id=\"provenance\">William Needham (c. 1614\u20131690), c. 1660.\n\nFirst Congregational Society Church, Quincy (formerly Braintree), MA, 1688\u20132001.\n\nWith Sotheby\u2019s (2001), lot 252.\n\nPrivate collection, 2001\u20132014.\n\nSold to the Art Institute of Chicago, 2014.\n\n</section><section class=\"osci-tk-epub-section exhibitions\" id=\"exhibitions\">Boston, Museum of Fine Arts, American Church Silver of the Seventeenth and Eighteenth Century, with a Few Pieces of Domestic Plate, July\u2013December 1911, cat. 592, pl. 19 (ill.).\n\nPossibly Boston, Museum of Fine Arts, 1930, no cat.\n\n</section><section class=\"osci-tk-epub-section references\" id=\"references\">Pattee (1878), p. 244.\n\nBerger and Curtis (1911), cat. 592, pl. 19 (ill.).\n\nJones (1913), p. 395.\n\nClarke (1940), cat. 21, p. 213.\n\nKane et al. (1998), pp. 571, 885.\n\nSotheby\u2019s (2001), pp. 16\u201319, 19 (ill.).\n\n</section><section id=\"figures\">Wine Cup, c. 1660.\n\nfig. 1.1 </section>",
    "source_updated_at": null,
    "updated_at": "2025-08-01T03:07:44-05:00",
    "timestamp": "2025-08-05T15:53:10-05:00"
}