{
    "id": 88,
    "api_model": "sections",
    "api_link": "https://api.artic.edu/api/v1/sections/88",
    "title": "Cat. 2 \u00a0Pine Tree Shilling, 1663/82",
    "web_url": "https://publications.artic.edu/americansilver/reader/collection/section/10",
    "accession": "1949.119",
    "generic_page_id": 2,
    "artwork_id": 64689,
    "publication_title": "American Silver in the Art Institute of Chicago",
    "publication_id": 2,
    "content": "<section class=\"osci-tk-epub-section tombstone\" id=\"tombstone\">John Hull (American, born England, 1624\u20131683)  \nRobert Sanderson (American, born England, c. 1608\u20131693)  \nBoston, Massachusetts  \nSilver; diam. 2.3 cm (7/8 in.)  \nThe Art Institute of Chicago, gift of Mrs. Francis P. Garvan, 1949.119\u201320\n\n</section><section class=\"osci-tk-epub-section curatorial_entry\" id=\"curatorial_entry\">None\n\nStruck on obverse: IN \u2022 MASATHVSETS\n\nStruck on reverse: NEW ENGLAND \u2022 AN DOM \u2022\n\nStruck in center: 1652/ XII\n\n</section><section class=\"osci-tk-epub-section provenance\" id=\"provenance\">Mrs. Francis P. Garvan, New York, by 1949.\n\nGiven to the Art Institute of Chicago, 1949.\n\n</section><section class=\"osci-tk-epub-section exhibitions\" id=\"exhibitions\">Art Institute of Chicago, From Colony to Nation: An Exhibition of American Painting, Silver and Architecture from 1650 to the War of 1812, April 21\u2013June 19, 1949, p. 95, cat. 175.\n\nMilwaukee (WI) Art Institute, Tradition of American Silver, February 13\u2013March 9, 1953, cat. 1.\n\n</section><section class=\"osci-tk-epub-section references\" id=\"references\">Sweet et al. (1949), p. 95, cat. 175.\n\nMilwaukee Art Institute (1953), cat. 1.\n\nNaeve (1978b), p. 496 (ill.).\n\n</section><section id=\"figures\">Pine Tree Shilling, 1663/82.\n\n</section>",
    "source_updated_at": null,
    "updated_at": "2025-08-01T03:07:32-05:00",
    "timestamp": "2025-08-05T15:53:10-05:00"
}